[
  {
    "id": "p001",
    "slug": "head-model-101",
    "name": "Head Model 101",
    "brand": "Head",
    "category": "Rackets",
    "price": 156.16,
    "weight": "111 g",
    "img": "images/p001.svg",
    "url": "#",
    "video": "dQw4w9WgXcQ",
    "desc": "Demo description for Head Model 101. Great rackets for players of all levels."
  },
  {
    "id": "p002",
    "slug": "karakal-model-102",
    "name": "Karakal Model 102",
    "brand": "Karakal",
    "category": "Rackets",
    "price": 176.71,
    "weight": "112 g",
    "img": "images/p002.svg",
    "url": "#",
    "video": "",
    "desc": "Demo description for Karakal Model 102. Great rackets for players of all levels."
  },
  {
    "id": "p003",
    "slug": "prince-model-103",
    "name": "Prince Model 103",
    "brand": "Prince",
    "category": "Rackets",
    "price": 173.51,
    "weight": "113 g",
    "img": "images/p003.svg",
    "url": "#",
    "video": "",
    "desc": "Demo description for Prince Model 103. Great rackets for players of all levels."
  },
  {
    "id": "p004",
    "slug": "wilson-model-104",
    "name": "Wilson Model 104",
    "brand": "Wilson",
    "category": "Rackets",
    "price": 206.8,
    "weight": "114 g",
    "img": "images/p004.svg",
    "url": "#",
    "video": "",
    "desc": "Demo description for Wilson Model 104. Great rackets for players of all levels."
  },
  {
    "id": "p005",
    "slug": "karakal-model-105",
    "name": "Karakal Model 105",
    "brand": "Karakal",
    "category": "Rackets",
    "price": 223.19,
    "weight": "115 g",
    "img": "images/p005.svg",
    "url": "#",
    "video": "dQw4w9WgXcQ",
    "desc": "Demo description for Karakal Model 105. Great rackets for players of all levels."
  },
  {
    "id": "p006",
    "slug": "dunlop-model-106",
    "name": "Dunlop Model 106",
    "brand": "Dunlop",
    "category": "Rackets",
    "price": 228.95,
    "weight": "116 g",
    "img": "images/p006.svg",
    "url": "#",
    "video": "dQw4w9WgXcQ",
    "desc": "Demo description for Dunlop Model 106. Great rackets for players of all levels."
  },
  {
    "id": "p007",
    "slug": "eye-model-107",
    "name": "Eye Model 107",
    "brand": "Eye",
    "category": "Rackets",
    "price": 233.96,
    "weight": "117 g",
    "img": "images/p007.svg",
    "url": "#",
    "video": "",
    "desc": "Demo description for Eye Model 107. Great rackets for players of all levels."
  },
  {
    "id": "p008",
    "slug": "tecnifibre-model-108",
    "name": "Tecnifibre Model 108",
    "brand": "Tecnifibre",
    "category": "Rackets",
    "price": 256.46,
    "weight": "118 g",
    "img": "images/p008.svg",
    "url": "#",
    "video": "dQw4w9WgXcQ",
    "desc": "Demo description for Tecnifibre Model 108. Great rackets for players of all levels."
  },
  {
    "id": "p009",
    "slug": "eye-pro-balls-(2-pack)-9",
    "name": "Eye Pro Balls (2-pack) 9",
    "brand": "Eye",
    "category": "Balls",
    "price": 10.45,
    "weight": "N/A",
    "img": "images/p009.svg",
    "url": "#",
    "video": "dQw4w9WgXcQ",
    "desc": "Demo description for Eye Pro Balls (2-pack) 9. Great balls for players of all levels."
  },
  {
    "id": "p010",
    "slug": "prince-double-racket-bag-10",
    "name": "Prince Double Racket Bag 10",
    "brand": "Prince",
    "category": "Bags",
    "price": 102.77,
    "weight": "N/A",
    "img": "images/p010.svg",
    "url": "#",
    "video": "",
    "desc": "Demo description for Prince Double Racket Bag 10. Great bags for players of all levels."
  },
  {
    "id": "p011",
    "slug": "head-double-racket-bag-11",
    "name": "Head Double Racket Bag 11",
    "brand": "Head",
    "category": "Bags",
    "price": 123.18,
    "weight": "N/A",
    "img": "images/p011.svg",
    "url": "#",
    "video": "dQw4w9WgXcQ",
    "desc": "Demo description for Head Double Racket Bag 11. Great bags for players of all levels."
  },
  {
    "id": "p012",
    "slug": "head-double-racket-bag-12",
    "name": "Head Double Racket Bag 12",
    "brand": "Head",
    "category": "Bags",
    "price": 42.21,
    "weight": "N/A",
    "img": "images/p012.svg",
    "url": "#",
    "video": "dQw4w9WgXcQ",
    "desc": "Demo description for Head Double Racket Bag 12. Great bags for players of all levels."
  },
  {
    "id": "p013",
    "slug": "head-powerstring-13-1.20mm",
    "name": "Head PowerString 13 1.20mm",
    "brand": "Head",
    "category": "Strings",
    "price": 19.46,
    "weight": "N/A",
    "img": "images/p013.svg",
    "url": "#",
    "video": "",
    "desc": "Demo description for Head PowerString 13 1.20mm. Great strings for players of all levels."
  },
  {
    "id": "p014",
    "slug": "eye-powerstring-14-1.20mm",
    "name": "Eye PowerString 14 1.20mm",
    "brand": "Eye",
    "category": "Strings",
    "price": 21.94,
    "weight": "N/A",
    "img": "images/p014.svg",
    "url": "#",
    "video": "",
    "desc": "Demo description for Eye PowerString 14 1.20mm. Great strings for players of all levels."
  },
  {
    "id": "p015",
    "slug": "dunlop-pro-balls-(2-pack)-15",
    "name": "Dunlop Pro Balls (2-pack) 15",
    "brand": "Dunlop",
    "category": "Balls",
    "price": 14.54,
    "weight": "N/A",
    "img": "images/p015.svg",
    "url": "#",
    "video": "",
    "desc": "Demo description for Dunlop Pro Balls (2-pack) 15. Great balls for players of all levels."
  },
  {
    "id": "p016",
    "slug": "wilson-grip-accessory-pack-16",
    "name": "Wilson Grip/Accessory Pack 16",
    "brand": "Wilson",
    "category": "Accessories",
    "price": 25.85,
    "weight": "N/A",
    "img": "images/p016.svg",
    "url": "#",
    "video": "",
    "desc": "Demo description for Wilson Grip/Accessory Pack 16. Great accessories for players of all levels."
  },
  {
    "id": "p017",
    "slug": "karakal-grip-accessory-pack-17",
    "name": "Karakal Grip/Accessory Pack 17",
    "brand": "Karakal",
    "category": "Accessories",
    "price": 25.08,
    "weight": "N/A",
    "img": "images/p017.svg",
    "url": "#",
    "video": "",
    "desc": "Demo description for Karakal Grip/Accessory Pack 17. Great accessories for players of all levels."
  },
  {
    "id": "p018",
    "slug": "dunlop-court-shoe-18",
    "name": "Dunlop Court Shoe 18",
    "brand": "Dunlop",
    "category": "Shoes",
    "price": 86.18,
    "weight": "approx. 350 g",
    "img": "images/p018.svg",
    "url": "#",
    "video": "dQw4w9WgXcQ",
    "desc": "Demo description for Dunlop Court Shoe 18. Great shoes for players of all levels."
  },
  {
    "id": "p019",
    "slug": "dunlop-model-119",
    "name": "Dunlop Model 119",
    "brand": "Dunlop",
    "category": "Rackets",
    "price": 262.04,
    "weight": "129 g",
    "img": "images/p019.svg",
    "url": "#",
    "video": "dQw4w9WgXcQ",
    "desc": "Demo description for Dunlop Model 119. Great rackets for players of all levels."
  },
  {
    "id": "p020",
    "slug": "eye-model-120",
    "name": "Eye Model 120",
    "brand": "Eye",
    "category": "Rackets",
    "price": 141.68,
    "weight": "110 g",
    "img": "images/p020.svg",
    "url": "#",
    "video": "",
    "desc": "Demo description for Eye Model 120. Great rackets for players of all levels."
  },
  {
    "id": "p021",
    "slug": "tecnifibre-grip-accessory-pack-21",
    "name": "Tecnifibre Grip/Accessory Pack 21",
    "brand": "Tecnifibre",
    "category": "Accessories",
    "price": 17.25,
    "weight": "N/A",
    "img": "images/p021.svg",
    "url": "#",
    "video": "dQw4w9WgXcQ",
    "desc": "Demo description for Tecnifibre Grip/Accessory Pack 21. Great accessories for players of all levels."
  },
  {
    "id": "p022",
    "slug": "wilson-court-shoe-22",
    "name": "Wilson Court Shoe 22",
    "brand": "Wilson",
    "category": "Shoes",
    "price": 132.42,
    "weight": "approx. 350 g",
    "img": "images/p022.svg",
    "url": "#",
    "video": "dQw4w9WgXcQ",
    "desc": "Demo description for Wilson Court Shoe 22. Great shoes for players of all levels."
  },
  {
    "id": "p023",
    "slug": "harrow-double-racket-bag-23",
    "name": "Harrow Double Racket Bag 23",
    "brand": "Harrow",
    "category": "Bags",
    "price": 130.6,
    "weight": "N/A",
    "img": "images/p023.svg",
    "url": "#",
    "video": "dQw4w9WgXcQ",
    "desc": "Demo description for Harrow Double Racket Bag 23. Great bags for players of all levels."
  },
  {
    "id": "p024",
    "slug": "head-grip-accessory-pack-24",
    "name": "Head Grip/Accessory Pack 24",
    "brand": "Head",
    "category": "Accessories",
    "price": 8.81,
    "weight": "N/A",
    "img": "images/p024.svg",
    "url": "#",
    "video": "",
    "desc": "Demo description for Head Grip/Accessory Pack 24. Great accessories for players of all levels."
  },
  {
    "id": "p025",
    "slug": "wilson-pro-balls-(2-pack)-25",
    "name": "Wilson Pro Balls (2-pack) 25",
    "brand": "Wilson",
    "category": "Balls",
    "price": 9.62,
    "weight": "N/A",
    "img": "images/p025.svg",
    "url": "#",
    "video": "dQw4w9WgXcQ",
    "desc": "Demo description for Wilson Pro Balls (2-pack) 25. Great balls for players of all levels."
  },
  {
    "id": "p026",
    "slug": "tecnifibre-powerstring-26-1.20mm",
    "name": "Tecnifibre PowerString 26 1.20mm",
    "brand": "Tecnifibre",
    "category": "Strings",
    "price": 18.21,
    "weight": "N/A",
    "img": "images/p026.svg",
    "url": "#",
    "video": "",
    "desc": "Demo description for Tecnifibre PowerString 26 1.20mm. Great strings for players of all levels."
  },
  {
    "id": "p027",
    "slug": "wilson-grip-accessory-pack-27",
    "name": "Wilson Grip/Accessory Pack 27",
    "brand": "Wilson",
    "category": "Accessories",
    "price": 19.68,
    "weight": "N/A",
    "img": "images/p027.svg",
    "url": "#",
    "video": "",
    "desc": "Demo description for Wilson Grip/Accessory Pack 27. Great accessories for players of all levels."
  },
  {
    "id": "p028",
    "slug": "head-grip-accessory-pack-28",
    "name": "Head Grip/Accessory Pack 28",
    "brand": "Head",
    "category": "Accessories",
    "price": 25.4,
    "weight": "N/A",
    "img": "images/p028.svg",
    "url": "#",
    "video": "",
    "desc": "Demo description for Head Grip/Accessory Pack 28. Great accessories for players of all levels."
  },
  {
    "id": "p029",
    "slug": "harrow-court-shoe-29",
    "name": "Harrow Court Shoe 29",
    "brand": "Harrow",
    "category": "Shoes",
    "price": 135.65,
    "weight": "approx. 350 g",
    "img": "images/p029.svg",
    "url": "#",
    "video": "dQw4w9WgXcQ",
    "desc": "Demo description for Harrow Court Shoe 29. Great shoes for players of all levels."
  },
  {
    "id": "p030",
    "slug": "tecnifibre-double-racket-bag-30",
    "name": "Tecnifibre Double Racket Bag 30",
    "brand": "Tecnifibre",
    "category": "Bags",
    "price": 42.03,
    "weight": "N/A",
    "img": "images/p030.svg",
    "url": "#",
    "video": "",
    "desc": "Demo description for Tecnifibre Double Racket Bag 30. Great bags for players of all levels."
  },
  {
    "id": "p031",
    "slug": "tecnifibre-powerstring-31-1.20mm",
    "name": "Tecnifibre PowerString 31 1.20mm",
    "brand": "Tecnifibre",
    "category": "Strings",
    "price": 15.32,
    "weight": "N/A",
    "img": "images/p031.svg",
    "url": "#",
    "video": "",
    "desc": "Demo description for Tecnifibre PowerString 31 1.20mm. Great strings for players of all levels."
  },
  {
    "id": "p032",
    "slug": "harrow-court-shoe-32",
    "name": "Harrow Court Shoe 32",
    "brand": "Harrow",
    "category": "Shoes",
    "price": 63.79,
    "weight": "approx. 350 g",
    "img": "images/p032.svg",
    "url": "#",
    "video": "",
    "desc": "Demo description for Harrow Court Shoe 32. Great shoes for players of all levels."
  },
  {
    "id": "p033",
    "slug": "prince-model-133",
    "name": "Prince Model 133",
    "brand": "Prince",
    "category": "Rackets",
    "price": 169.39,
    "weight": "123 g",
    "img": "images/p033.svg",
    "url": "#",
    "video": "",
    "desc": "Demo description for Prince Model 133. Great rackets for players of all levels."
  },
  {
    "id": "p034",
    "slug": "head-grip-accessory-pack-34",
    "name": "Head Grip/Accessory Pack 34",
    "brand": "Head",
    "category": "Accessories",
    "price": 26.79,
    "weight": "N/A",
    "img": "images/p034.svg",
    "url": "#",
    "video": "",
    "desc": "Demo description for Head Grip/Accessory Pack 34. Great accessories for players of all levels."
  },
  {
    "id": "p035",
    "slug": "prince-model-135",
    "name": "Prince Model 135",
    "brand": "Prince",
    "category": "Rackets",
    "price": 211.24,
    "weight": "125 g",
    "img": "images/p035.svg",
    "url": "#",
    "video": "",
    "desc": "Demo description for Prince Model 135. Great rackets for players of all levels."
  },
  {
    "id": "p036",
    "slug": "head-grip-accessory-pack-36",
    "name": "Head Grip/Accessory Pack 36",
    "brand": "Head",
    "category": "Accessories",
    "price": 7.19,
    "weight": "N/A",
    "img": "images/p036.svg",
    "url": "#",
    "video": "dQw4w9WgXcQ",
    "desc": "Demo description for Head Grip/Accessory Pack 36. Great accessories for players of all levels."
  },
  {
    "id": "p037",
    "slug": "wilson-court-shoe-37",
    "name": "Wilson Court Shoe 37",
    "brand": "Wilson",
    "category": "Shoes",
    "price": 120.29,
    "weight": "approx. 350 g",
    "img": "images/p037.svg",
    "url": "#",
    "video": "dQw4w9WgXcQ",
    "desc": "Demo description for Wilson Court Shoe 37. Great shoes for players of all levels."
  },
  {
    "id": "p038",
    "slug": "eye-pro-balls-(2-pack)-38",
    "name": "Eye Pro Balls (2-pack) 38",
    "brand": "Eye",
    "category": "Balls",
    "price": 11.94,
    "weight": "N/A",
    "img": "images/p038.svg",
    "url": "#",
    "video": "",
    "desc": "Demo description for Eye Pro Balls (2-pack) 38. Great balls for players of all levels."
  },
  {
    "id": "p039",
    "slug": "harrow-grip-accessory-pack-39",
    "name": "Harrow Grip/Accessory Pack 39",
    "brand": "Harrow",
    "category": "Accessories",
    "price": 20.17,
    "weight": "N/A",
    "img": "images/p039.svg",
    "url": "#",
    "video": "",
    "desc": "Demo description for Harrow Grip/Accessory Pack 39. Great accessories for players of all levels."
  },
  {
    "id": "p040",
    "slug": "karakal-powerstring-40-1.20mm",
    "name": "Karakal PowerString 40 1.20mm",
    "brand": "Karakal",
    "category": "Strings",
    "price": 27.74,
    "weight": "N/A",
    "img": "images/p040.svg",
    "url": "#",
    "video": "",
    "desc": "Demo description for Karakal PowerString 40 1.20mm. Great strings for players of all levels."
  },
  {
    "id": "p041",
    "slug": "dunlop-double-racket-bag-41",
    "name": "Dunlop Double Racket Bag 41",
    "brand": "Dunlop",
    "category": "Bags",
    "price": 128.68,
    "weight": "N/A",
    "img": "images/p041.svg",
    "url": "#",
    "video": "",
    "desc": "Demo description for Dunlop Double Racket Bag 41. Great bags for players of all levels."
  },
  {
    "id": "p042",
    "slug": "prince-pro-balls-(2-pack)-42",
    "name": "Prince Pro Balls (2-pack) 42",
    "brand": "Prince",
    "category": "Balls",
    "price": 12.53,
    "weight": "N/A",
    "img": "images/p042.svg",
    "url": "#",
    "video": "",
    "desc": "Demo description for Prince Pro Balls (2-pack) 42. Great balls for players of all levels."
  },
  {
    "id": "p043",
    "slug": "dunlop-court-shoe-43",
    "name": "Dunlop Court Shoe 43",
    "brand": "Dunlop",
    "category": "Shoes",
    "price": 107.73,
    "weight": "approx. 350 g",
    "img": "images/p043.svg",
    "url": "#",
    "video": "dQw4w9WgXcQ",
    "desc": "Demo description for Dunlop Court Shoe 43. Great shoes for players of all levels."
  },
  {
    "id": "p044",
    "slug": "head-model-144",
    "name": "Head Model 144",
    "brand": "Head",
    "category": "Rackets",
    "price": 204.41,
    "weight": "114 g",
    "img": "images/p044.svg",
    "url": "#",
    "video": "",
    "desc": "Demo description for Head Model 144. Great rackets for players of all levels."
  },
  {
    "id": "p045",
    "slug": "eye-pro-balls-(2-pack)-45",
    "name": "Eye Pro Balls (2-pack) 45",
    "brand": "Eye",
    "category": "Balls",
    "price": 9.06,
    "weight": "N/A",
    "img": "images/p045.svg",
    "url": "#",
    "video": "",
    "desc": "Demo description for Eye Pro Balls (2-pack) 45. Great balls for players of all levels."
  },
  {
    "id": "p046",
    "slug": "dunlop-model-146",
    "name": "Dunlop Model 146",
    "brand": "Dunlop",
    "category": "Rackets",
    "price": 230.68,
    "weight": "116 g",
    "img": "images/p046.svg",
    "url": "#",
    "video": "",
    "desc": "Demo description for Dunlop Model 146. Great rackets for players of all levels."
  },
  {
    "id": "p047",
    "slug": "head-court-shoe-47",
    "name": "Head Court Shoe 47",
    "brand": "Head",
    "category": "Shoes",
    "price": 155.88,
    "weight": "approx. 350 g",
    "img": "images/p047.svg",
    "url": "#",
    "video": "",
    "desc": "Demo description for Head Court Shoe 47. Great shoes for players of all levels."
  },
  {
    "id": "p048",
    "slug": "head-model-148",
    "name": "Head Model 148",
    "brand": "Head",
    "category": "Rackets",
    "price": 268.32,
    "weight": "118 g",
    "img": "images/p048.svg",
    "url": "#",
    "video": "",
    "desc": "Demo description for Head Model 148. Great rackets for players of all levels."
  },
  {
    "id": "p049",
    "slug": "eye-double-racket-bag-49",
    "name": "Eye Double Racket Bag 49",
    "brand": "Eye",
    "category": "Bags",
    "price": 73.18,
    "weight": "N/A",
    "img": "images/p049.svg",
    "url": "#",
    "video": "",
    "desc": "Demo description for Eye Double Racket Bag 49. Great bags for players of all levels."
  },
  {
    "id": "p050",
    "slug": "head-model-150",
    "name": "Head Model 150",
    "brand": "Head",
    "category": "Rackets",
    "price": 129.06,
    "weight": "120 g",
    "img": "images/p050.svg",
    "url": "#",
    "video": "",
    "desc": "Demo description for Head Model 150. Great rackets for players of all levels."
  }
]